capture,class,confidence,u_px,v_px,mask_area_px,depth_mm,x_mm,y_mm,z_mm
20261002_101208_0000,CUP HANDLE,0.663,922.0,664.7,1537,809.0,-7.7,88.8,809.0
20261002_101208_0000,CUP HANDLE,0.559,787.2,709.4,1726,815.0,-102.3,120.8,815.0
20261002_101949_0000,CUP,0.96,950.5,597.7,4545,812.0,12.2,42.4,812.0
20261002_101949_0000,CUP BASE,0.896,1133.8,624.7,6318,754.0,130.2,56.9,754.0
20261002_101949_0000,CUP,0.894,610.5,114.2,19994,545.0,-151.2,-198.2,545.0
20261002_101949_0000,CUP BASE,0.889,784.9,635.8,6202,766.0,-97.6,65.1,766.0
20261002_101949_0000,CUP,0.88,1085.6,619.0,4262,836.0,109.7,58.9,836.0
20261002_101949_0000,CUP,0.879,761.0,170.9,7302,589.0,-87.2,-185.5,589.0
20261002_101949_0000,CUP,0.879,828.4,627.3,5318,818.0,-73.6,63.5,818.0
20261002_101949_0000,CUP BASE,0.863,961.3,596.7,6007,762.0,18.5,39.1,762.0
20261002_101949_0000,CUP,0.85,649.5,288.2,12239,558.0,-136.1,-119.4,558.0
20261002_101949_0000,CUP BASE,0.791,725.2,166.5,3634,595.0,-106.4,-189.7,595.0
20261002_101949_0000,CUP BASE,0.696,595.5,262.0,10318,549.0,-159.4,-129.9,549.0
20261002_101949_0000,CUP HANDLE,0.654,922.2,664.7,1497,811.0,-7.6,89.1,811.0
20261002_101949_0000,CUP,0.608,701.2,640.5,3513,816.0,-162.7,72.6,816.0
20261002_101949_0000,TRAY,0.571,959.6,667.5,26237,841.0,19.2,94.4,841.0
20261002_101949_0000,CUP HANDLE,0.505,787.5,709.1,1745,812.0,-101.7,120.2,812.0
